Department,,,,,,,,,,
Accounting and Finance,,,,,,,,,,
Architechture and Product Design,,,,,,,,,,
Arts Humanities and Social Sciences,,,,,,,,,,
Biological Sciences,,,,,,,,,,
Business,,,,,,,,,,
Centre for Teaching and Learning,,,,,,,,,,
Chemical Sciences,,,,,,,,,,
Computer Science & Information Systems,,,,,,,,,,
Coop Office UL,,,,,,,,,,
EDUCATIONAL PSYCHOLOGY INCLUSIVE AND SPECIAL EDUCATION,,,,,,,,,,
Economics,,,,,,,,,,
Education and Health Sciences,,,,,,,,,,
Electronic & Computer Engineering,,,,,,,,,,
Exchange,,,,,,,,,,
History,,,,,,,,,,
Interfaculty,,,,,,,,,,
Irish World Academy Of Music and Dance (IWAMD),,,,,,,,,,
Law,,,,,,,,,,
Management and Marketing,,,,,,,,,,
Mathematics & Statistics,,,,,,,,,,
Nursing & Midwifery,,,,,,,,,,
Physical Education & Sport Sciences,,,,,,,,,,
Physics,,,,,,,,,,
Politics and Public Admin,,,,,,,,,,
President's Office UL,,,,,,,,,,
Primary Level Education,,,,,,,,,,
Psychology,,,,,,,,,,
School of Allied Health,,,,,,,,,,
School of Education,,,,,,,,,,
School of Engineering,,,,,,,,,,
School of English Irish and Communication,,,,,,,,,,
School of Medicine,,,,,,,,,,
School of Modern Languages and Applied Linguistics,,,,,,,,,,
Science and Engineering,,,,,,,,,,
Sociology,,,,,,,,,,
Student Affairs UL,,,,,,,,,,
Work & Employment Studies,,,,,,,,,,
